John Doe,New York,Software Engineer,johndoe@example.com
Alice Smith,Los Angeles,Data Analyst,alicesmith@example.com
Michael Johnson,Chicago,Product Manager,michaeljohnson@example.com
Emily Brown,San Francisco,UI/UX Designer,emilybrown@example.com
David Lee,Houston,Software Developer,davidlee@example.com
Jessica Wang,Miami,Marketing Specialist,jessicawang@example.com
Matthew Taylor,Boston,Project Manager,matthewtaylor@example.com
Sophia Martinez,Seattle,Database Administrator,sophiamartinez@example.com
Ethan Anderson,Dallas,Network Engineer,ethananderson@example.com
Olivia Garcia,Austin,Financial Analyst,oliviagarcia@example.com
Daniel Rodriguez,Phoenix,Data Scientist,danielrodriguez@example.com
Ava Hernandez,San Diego,Web Developer,avahernandez@example.com
William Wilson,Philadelphia,Systems Analyst,williamwilson@example.com
Isabella Lopez,Denver,Software Tester,isabellalopez@example.com
Alexander Perez,Washington DC,UX Designer,alexanderperez@example.com
Sophia Thomas,San Jose,Network Administrator,sophiathomas@example.com
James Harris,Arlington,Quality Assurance Engineer,jamesharris@example.com
Charlotte Allen,Las Vegas,Technical Writer,charlotteallen@example.com
Henry Scott,Portland,Database Developer,hennyscott@example.com
Amelia Young,Minneapolis,Business Analyst,ameliayoung@example.com
Benjamin King,San Antonio,Application Developer,benjaminking@example.com
Mia Turner,Tampa,Project Coordinator,miaturner@example.com
Lucas Hill,Pittsburgh,Software Architect,lucashill@example.com
Harper Baker,Cincinnati,DevOps Engineer,harperbaker@example.com
Evelyn Green,Cleveland,IT Specialist,evelyngreen@example.com
Jackson Adams,Orlando,Database Analyst,jacksonadams@example.com
Madison Evans,Sacramento,System Administrator,madisonevans@example.com
Alexander Garcia,Charlotte,Technical Support Specialist,alexandergarcia@example.com
Scarlett Nelson,Kansas City,Front End Developer,scarlettnelson@example.com
Andrew Martinez,Indianapolis,Backend Developer,andrewmartinez@example.com
Victoria Flores,Virginia Beach,Software Tester,victoriaflores@example.com
Joseph Simmons,Nashville,Network Architect,josephsimmons@example.com
Penelope Murphy,Memphis,IT Manager,penelopemurphy@example.com
Grace Cook,Milwaukee,UI Developer,gracecook@example.com
Gabriel Rivera,Oklahoma City,Data Engineer,gabrielrivera@example.com
Lily Cooper,Baltimore,Information Security Analyst,lilycooper@example.com
Julian Reed,Raleigh,Software Support Engineer,julianreed@example.com
Zoe Ross,Mesa,Software Consultant,zoeross@example.com
Nathan Morgan,Long Beach,Database Manager,nathanmorgan@example.com
Emma Peterson,Colorado Springs,Product Owner,emmapeterson@example.com
Lucy Bell,Riverside,Systems Engineer,lucybell@example.com
Owen Howard,Oakland,Software Development Manager,owenhoward@example.com
Landon Ward,Kent,Database Administrator,landonward@example.com
Sofia Foster,Durham,Network Administrator,sofiafoster@example.com
Liam Gonzales,Lexington,Technical Writer,liamgonzales@example.com
Chloe Perry,St. Louis,Quality Assurance Analyst,chloeperry@example.com
Aiden Carter,Cincinnati,Web Designer,aidencarter@example.com
Aria Gray,Pittsburgh,Software Developer,ariagray@example.com
Mason Coleman,Anchorage,Software Engineer,masoncoleman@example.com
Aurora Richardson,Anchorage,Data Analyst,aurorarichardson@example.com
Daniel Miller,Anchorage,Product Manager,danielmiller@example.com
Charlie Jones,Anchorage,UI/UX Designer,charliejones@example.com
Hannah Taylor,Anchorage,Software Developer,hannahtaylor@example.com
William Brown,Anchorage,Marketing Specialist,williambrown@example.com
Ella Moore,Anchorage,Project Manager,ellamoore@example.com
Henry Taylor,Anchorage,Database Administrator,henrytaylor@example.com
Grace Anderson,Anchorage,Network Engineer,graceanderson@example.com
Liam Wilson,Anchorage,Financial Analyst,liamwilson@example.com
Lillian Johnson,Anchorage,Data Scientist,lillianjohnson@example.com
Ethan Garcia,Anchorage,Web Developer,ethangarcia@example.com
Charlotte Smith,Anchorage,Systems Analyst,charlottesmith@example.com
Oliver Williams,Anchorage,Software Tester,oliverwilliams@example.com
Amelia Jones,Anchorage,UX Designer,ameliajones@example.com
Benjamin Brown,Anchorage,Network Administrator,benjaminbrown@example.com
Avery Davis,Anchorage,Quality Assurance Engineer,averydavis@example.com
Elizabeth Martin,Anchorage,Technical Writer,elizabethmartin@example.com
James Rodriguez,Anchorage,Database Developer,jamesrodriguez@example.com
Abigail Taylor,Anchorage,Business Analyst,abigailtaylor@example.com
Emily Martinez,Anchorage,Application Developer,emilymartinez@example.com
Alexander Thompson,Anchorage,Project Coordinator,alexanderthompson@example.com
Mia Hernandez,Anchorage,Software Architect,miahernandez@example.com
Evelyn White,Anchorage,DevOps Engineer,evelynwhite@example.com
William Martinez,Anchorage,IT Specialist,williammartinez@example.com
Michael Harris,Anchorage,Database Analyst,michaelharris@example.com
Sophia Wilson,Anchorage,Technical Support Specialist,sophiawilson@example.com
Lucas Nelson,Anchorage,Front End Developer,lucasnelson@example.com
Madison Lewis,Anchorage,Backend Developer,madisonlewis@example.com
Matthew Martinez,Anchorage,Software Tester,matthewmartinez@example.com
Olivia Robinson,Anchorage,Network Architect,oliviarobinson@example.com
Daniel King,Anchorage,IT Manager,danielking@example.com
Victoria Garcia,Anchorage,UI Developer,victoriagarcia@example.com
Jackson Rodriguez,Anchorage,Data Engineer,jacksonrodriguez@example.com
Penelope Rodriguez,Anchorage,Information Security Analyst,peneloperodriguez@example.com
Grace Garcia,Anchorage,Software Support Engineer,gracegarcia@example.com
Gabriel Martin,Anchorage,Software Consultant,gabrielmartin@example.com
Lily Hernandez,Anchorage,Database Manager,lilyhernandez@example.com
Julian Smith,Anchorage,Product Owner,juliansmith@example.com
Zoe Davis,Anchorage,Systems Engineer,zoedavis@example.com
Nathan White,Anchorage,Software Development Manager,nathanwhite@example.com

